codigo,descricao,etapa,categoria,objeto_conhecimento
EI03CO01,"Reconhecer padrão de repetição em sequência de sons, movimentos, desenhos.",EI,Pensamento Computacional,
EI03CO02,Expressar as etapas para a realização de uma tarefa de forma clara e ordenada.,EI,Pensamento Computacional,
EI03CO03,Experienciar a execução de algoritmos brincando com objetos (des)plugados.,EI,Pensamento Computacional,
EI03CO04,Criar e representar algoritmos para resolver problemas.,EI,Pensamento Computacional,
EI03CO05,Comparar soluções algorítmicas para resolver um mesmo problema.,EI,Pensamento Computacional,
EI03CO06,Compreender decisões em dois estados (verdadeiro ou falso).,EI,Pensamento Computacional,
EI03CO07,"Reconhecer dispositivos eletrônicos (e não-eletrônicos), identificando quando estão ligados ou desligados (abertos ou fechados).",EI,Mundo Digital,
EI03CO08,Compreender o conceito de interfaces para comunicação com objetos (des)plugados.,EI,Mundo Digital,
EI03CO09,Identificar dispositivos computacionais e as diferentes formas de interação.,EI,Mundo Digital,
EI03CO10,"Utilizar tecnologia digital de maneira segura, consciente e respeitosa.",EI,Cultura Digital,
EI03CO11,"Adotar hábitos saudáveis de uso de artefatos computacionais, seguindo recomendações de órgãos de saúde competentes.",EI,Cultura Digital,
EF01CO01,"Organizar objetos físicos ou digitais considerando diferentes características para esta organização, explicitando semelhanças (padrões) e diferenças.",EF01,Pensamento Computacional,Organização de objetos
EF01CO02,Identificar e seguir sequências de passos aplicados no dia a dia para resolver problemas.,EF01,Pensamento Computacional,Conceituação de Algoritmos
EF01CO03,"Reorganizar e criar sequências de passos em meios físicos ou digitais, relacionando essas sequências à palavra 'Algoritmos'.",EF01,Pensamento Computacional,Conceituação de Algoritmos
EF01CO04,"Reconhecer o que é a informação, que ela pode ser armazenada, transmitida como mensagem por diversos meios e descrita em várias linguagens.",EF01,Mundo Digital,Codificação da informação
EF01CO05,Representar informação usando diferentes codificações.,EF01,Mundo Digital,Codificação da informação
EF01CO06,Reconhecer e explorar artefatos computacionais voltados a atender necessidades pessoais ou coletivas.,EF01,Cultura Digital,Uso de artefatos computacionais
EF01CO07,Conhecer as possibilidades de uso seguro das tecnologias computacionais para proteção dos dados pessoais e para garantir a própria segurança.,EF01,Cultura Digital,Segurança e responsabilidade no uso de tecnologia computacional
EF02CO01,"Criar e comparar modelos (representações) de objetos, identificando padrões e atributos essenciais.",EF02,Pensamento Computacional,Modelagem de objetos
EF02CO02,"Criar e simular algoritmos representados em linguagem oral, escrita ou pictográfica, construídos como sequências com repetições simples (iterações definidas) com base em instruções preestabelecidas ou criadas, analisando como a precisão da instrução impacta na execução do algoritmo.",EF02,Pensamento Computacional,Algoritmos com repetições simples
EF02CO03,Identificar que máquinas diferentes executam conjuntos próprios de instruções e que podem ser usadas para definir algoritmos.,EF02,Mundo Digital,Instrução de máquina
EF02CO04,Diferenciar componentes físicos (hardware) e programas que fornecem as instruções (software) para o hardware.,EF02,Mundo Digital,Hardware e software
EF02CO05,Reconhecer as características e usos das tecnologias computacionais no cotidiano dentro e fora da escola.,EF02,Cultura Digital,Uso de artefatos computacionais
EF02CO06,Reconhecer os cuidados com a segurança no uso de dispositivos computacionais.,EF02,Cultura Digital,Segurança e responsabilidade no uso de tecnologia computacional
EF03CO01,"Associar os valores 'verdadeiro' e 'falso' a sentenças lógicas que dizem respeito a situações do dia a dia, fazendo uso de termos que indicam negação.",EF03,Pensamento Computacional,Lógica computacional
EF03CO02,"Criar e simular algoritmos representados em linguagem oral, escrita ou pictográfica, que incluam sequências e repetições simples com condição (iterações indefinidas), para resolver problemas de forma independente e em colaboração.",EF03,Pensamento Computacional,Algoritmos com repetições condicionais simples
EF03CO03,"Aplicar a estratégia de decomposição para resolver problemas complexos, dividindo esse problema em partes menores, resolvendo-as e combinando suas soluções.",EF03,Pensamento Computacional,Decomposição
EF03CO04,Relacionar o conceito de informação com o de dado.,EF03,Mundo Digital,Codificação da informação
EF03CO05,Compreender que dados são estruturados em formatos específicos dependendo da informação armazenada.,EF03,Mundo Digital,Codificação da informação
EF03CO06,"Reconhecer que, para um computador realizar tarefas, ele se comunica com o mundo exterior com o uso de interfaces físicas (dispositivos de entrada e saída).",EF03,Mundo Digital,Interface física
EF03CO07,Utilizar diferentes navegadores e ferramentas de busca para pesquisar e acessar informações.,EF03,Cultura Digital,Uso de tecnologias computacionais
EF03CO08,Usar ferramentas computacionais em situações didáticas para se expressar em diferentes formatos digitais.,EF03,Cultura Digital,Uso de tecnologias computacionais
EF03CO09,Reconhecer o potencial impacto do compartilhamento de informações pessoais ou de seus pares em meio digital.,EF03,Cultura Digital,Segurança e responsabilidade no uso da tecnologia
EF04CO01,"Reconhecer objetos do mundo real e/ou digital que podem ser representados através de matrizes que estabelecem uma organização na qual cada componente está em uma posição definida por coordenadas, fazendo manipulações simples sobre estas representações.",EF04,Pensamento Computacional,Matrizes e registros
EF04CO02,"Reconhecer objetos do mundo real e/ou digital que podem ser representados através de registros que estabelecem uma organização na qual cada componente é identificado por um nome, fazendo manipulações sobre estas representações.",EF04,Pensamento Computacional,Matrizes e registros
EF04CO03,"Criar e simular algoritmos representados em linguagem oral, escrita ou pictográfica, que incluam sequências e repetições simples e aninhadas (iterações definidas e indefinidas), para resolver problemas de forma independente e em colaboração.",EF04,Pensamento Computacional,Algoritmos com repetições simples e aninhadas
EF04CO04,"Entender que para guardar, manipular e transmitir dados deve-se codificá-los de alguma forma que seja compreendida pela máquina (formato digital).",EF04,Mundo Digital,Codificação da informação
EF04CO05,"Codificar diferentes informações para representação em computador (binária, ASCII, atributos de pixel, como RGB etc.).",EF04,Mundo Digital,Codificação da informação
EF04CO06,"Usar diferentes ferramentas computacionais para criação de conteúdo (textos, apresentações, vídeos etc.).",EF04,Cultura Digital,Uso de tecnologias computacionais
EF04CO07,"Demonstrar postura ética nas atividades de coleta, transferência, guarda e uso de dados.",EF04,Cultura Digital,Segurança e responsabilidade no uso da tecnologia
EF04CO08,Reconhecer a importância de verificar a confiabilidade das fontes de informações obtidas na Internet.,EF04,Cultura Digital,Segurança e responsabilidade no uso da tecnologia
EF05CO01,"Reconhecer objetos do mundo real e/ou digital que podem ser representados através de listas que estabelecem uma organização na qual há um número variável de itens dispostos em sequência, fazendo manipulações simples sobre estas representações.",EF05,Pensamento Computacional,Listas e grafos
EF05CO02,"Reconhecer objetos do mundo real e digital que podem ser representados através de grafos que estabelecem uma organização com uma quantidade variável de vértices conectados por arestas, fazendo manipulações simples sobre estas representações.",EF05,Pensamento Computacional,Listas e grafos
EF05CO03,"Realizar operações de negação, conjunção e disjunção sobre sentenças lógicas e valores 'verdadeiro' e 'falso'.",EF05,Pensamento Computacional,Lógica computacional
EF05CO04,"Criar e simular algoritmos representados em linguagem oral, escrita ou pictográfica, que incluam sequências, repetições e seleções condicionais para resolver problemas de forma independente e em colaboração.",EF05,Pensamento Computacional,Algoritmos com seleção condicional
EF05CO05,"Identificar os componentes principais de um computador (dispositivos de entrada/saída, processadores e armazenamento).",EF05,Mundo Digital,Arquitetura de computadores
EF05CO06,Reconhecer que os dados podem ser armazenados em um dispositivo local ou remoto.,EF05,Mundo Digital,Armazenamento de dados
EF05CO07,Reconhecer a necessidade de um sistema operacional para a execução de programas e gerenciamento do hardware.,EF05,Mundo Digital,Sistema operacional
EF05CO08,Acessar as informações na Internet de forma crítica para distinguir os conteúdos confiáveis de não confiáveis.,EF05,Cultura Digital,Segurança e responsabilidade no uso da tecnologia
EF05CO09,Usar informações considerando aplicações e limites dos direitos autorais em diferentes mídias digitais.,EF05,Cultura Digital,Segurança e responsabilidade no uso da tecnologia
EF05CO10,Expressar-se crítica e criativamente na compreensão das mudanças tecnológicas no mundo do trabalho e sobre a evolução da sociedade.,EF05,Cultura Digital,Uso de tecnologias computacionais
EF05CO11,Identificar a adequação de diferentes tecnologias computacionais na resolução de problemas.,EF05,Cultura Digital,Uso de tecnologias computacionais
EF06CO01,"Classificar informações, agrupando-as em coleções (conjuntos) e associando cada coleção a um 'tipo de dados'",EF06,Pensamento Computacional,Tipos de dados
EF06CO02,"Elaborar algoritmos que envolvam instruções sequenciais, de repetição e de seleção usando uma linguagem de programação.",EF06,Pensamento Computacional,Linguagem de programação
EF06CO03,"Descrever com precisão a solução de um problema, construindo o programa que implementa a solução descrita.",EF06,Pensamento Computacional,Linguagem de programação
EF06CO04,Construir soluções de problemas usando a técnica de decomposição e automatizar tais soluções usando uma linguagem de programação.,EF06,Pensamento Computacional,Decomposição
EF06CO05,"Identificar os recursos ou insumos necessários (entradas) para a resolução de problemas, bem como os resultados esperados (saídas), determinando os respectivos tipos de dados, e estabelecendo a definição de problema como uma relação entre entrada e saída.",EF06,Pensamento Computacional,Generalização
EF06CO06,"Comparar diferentes casos particulares (instâncias) de um mesmo problema, identificando as semelhanças e diferenças entre eles, e criar um algoritmo para resolver todos, fazendo uso de variáveis (parâmetros) para permitir o tratamento de todos os casos de forma genérica.",EF06,Pensamento Computacional,Generalização
EF06CO07,"Entender o processo de transmissão de dados, como a informação é quebrada em pedaços, transmitida em pacotes através de múltiplos equipamentos, e reconstruída no destino.",EF06,Mundo Digital,Fundamentos de transmissão de dados
EF06CO08,"Compreender e utilizar diferentes formas de armazenar, manipular, compactar e recuperar arquivos, documentos e metadados.",EF06,Mundo Digital,Gestão de dados
EF06CO09,"Apresentar conduta e linguagem apropriadas ao se comunicar em ambiente digital, considerando a ética e o respeito.",EF06,Cultura Digital,Tecnologia digital e sociedade
EF06CO10,"Analisar o consumo de tecnologia na sociedade, compreendendo criticamente o caminho da produção dos recursos bem como aspectos ligados à obsolescência e a sustentabilidade.",EF06,Cultura Digital,Tecnologia digital e sustentabilidade
EF07CO01,Criar soluções de problemas para os quais seja adequado o uso de registros e matrizes unidimensionais para descrever suas informações e automatizá-las usando uma linguagem de programação.,EF07,Pensamento Computacional,Programação usando registros e matrizes
EF07CO02,"Analisar programas para detectar e remover erros, ampliando a confiança na sua correção.",EF07,Pensamento Computacional,Análise de programas
EF07CO03,"Construir soluções computacionais de problemas de diferentes áreas do conhecimento, de forma individual e colaborativa, selecionando as estruturas de dados e técnicas adequadas, aperfeiçoando e articulando saberes escolares.",EF07,Pensamento Computacional,Projetos com programação
EF07CO04,Explorar propriedades básicas de grafos.,EF07,Pensamento Computacional,Propriedades de grafos
EF07CO05,Criar algoritmos fazendo uso da decomposição e do reúso no processo de solução de forma colaborativa e cooperativa e automatizá-los usando uma linguagem de programação.,EF07,Pensamento Computacional,Reúso
EF07CO06,Compreender o papel de protocolos para a transmissão de dados.,EF07,Mundo Digital,Protocolos de comunicação em redes
EF07CO07,Identificar problemas de segurança cibernética e experimentar formas de proteção.,EF07,Mundo Digital,Fundamentos de Segurança Cibernética
EF07CO08,Demonstrar empatia sobre opiniões divergentes na web.,EF07,Cultura Digital,Cyberbullying
EF07CO09,Reconhecer e debater sobre cyberbullying.,EF07,Cultura Digital,Cyberbullying
EF07CO10,"Identificar os impactos ambientais do descarte de peças de computadores e eletrônicos, bem como sua relação com a sustentabilidade.",EF07,Cultura Digital,Impactos da tecnologia digital
EF07CO11,"Criar, documentar e publicar, de forma individual ou colaborativa, produtos (vídeos, podcasts, web sites) usando recursos de tecnologia.",EF07,Cultura Digital,Produção Digital
EF08CO01,Construir soluções de problemas usando a técnica de recursão e automatizar tais soluções usando uma linguagem de programação.,EF08,Pensamento Computacional,Programação com listas e recursão
EF08CO02,"Criar soluções de problemas para os quais seja adequado o uso de listas para descrever suas informações e automatizá-las usando uma linguagem de programação, empregando ou não a recursão como uma técnica de resolver o problema.",EF08,Pensamento Computacional,Programação com listas e recursão
EF08CO03,Utilizar algoritmos clássicos de manipulação sobre listas.,EF08,Pensamento Computacional,Algoritmos clássicos
EF08CO04,"Construir soluções computacionais de problemas de diferentes áreas do conhecimento, de forma individual e colaborativa, selecionando as estruturas de dados e técnicas adequadas, aperfeiçoando e articulando saberes escolares.",EF08,Pensamento Computacional,Projetos com programação
EF08CO05,"Compreender os conceitos de paralelismo, concorrência e armazenamento/processamento distribuídos.",EF08,Mundo Digital,Fundamentos de sistemas distribuídos
EF08CO06,Entender como é a estrutura e funcionamento da internet.,EF08,Mundo Digital,Internet
EF08CO07,"Compartilhar informações por meio de redes sociais, compreendendo a sua dinâmica de funcionamento, de forma responsável e avaliando sua confiabilidade, considerando o respeito e a ética.",EF08,Cultura Digital,Redes sociais e segurança da informação
EF08CO08,Distinguir os tipos de dados pessoais que são solicitados em espaços digitais e os riscos associados.,EF08,Cultura Digital,Redes sociais e segurança da informação
EF08CO09,Analisar criticamente as políticas de termos de uso das redes sociais e demais plataformas.,EF08,Cultura Digital,Redes sociais e segurança da informação
EF08CO10,Discutir questões sobre segurança e privacidade relacionadas ao uso dos ambientes virtuais.,EF08,Cultura Digital,Segurança em ambientes virtuais
EF08CO11,"Avaliar a precisão, relevância, adequação, abrangência e vieses que ocorrem em fontes de informação eletrônica.",EF08,Cultura Digital,Uso crítico das mídias digitais
EF09CO01,Criar soluções de problemas para os quais seja adequado o uso de árvores e grafos para descrever suas informações e automatizá-las usando uma linguagem de programação.,EF09,Pensamento Computacional,Programação usando grafos e árvores
EF09CO02,"Construir soluções computacionais de problemas de diferentes áreas do conhecimento, de forma individual e colaborativa, selecionando as estruturas de dados e técnicas adequadas, aperfeiçoando e articulando saberes escolares.",EF09,Pensamento Computacional,Projetos com programação
EF09CO03,Usar autômatos para descrever comportamentos de forma abstrata automatizando-os através de uma linguagem de programação baseada em eventos.,EF09,Pensamento Computacional,Autômatos e linguagens baseadas em eventos
EF09CO04,Compreender o funcionamento de malwares e outros ataques cibernéticos.,EF09,Mundo Digital,Segurança cibernética
EF09CO05,Analisar técnicas de criptografia para armazenamento e transmissão de dados.,EF09,Mundo Digital,Segurança cibernética
EF09CO06,"Analisar problemas sociais de sua cidade e estado a partir de ambientes digitais, propondo soluções.",EF09,Cultura Digital,Tecnologia digital e sociedade
EF09CO07,"Avaliar aplicações e implicações políticas, socioambientais e culturais das tecnologias digitais para propor alternativas aos desafios do mundo contemporâneo, incluindo aqueles relativos ao mundo do trabalho.",EF09,Cultura Digital,Tecnologia digital e sociedade
EF09CO08,"Discutir como a distribuição desigual de recursos de computação em uma economia global levanta questões de equidade, acesso e poder.",EF09,Cultura Digital,Tecnologia digital e sociedade
EF09CO09,"Criar ou utilizar conteúdo em meio digital, compreendendo questões éticas relacionadas a direitos autorais e de uso de imagem.",EF09,Cultura Digital,Autoria em meio digital
EF09CO10,"Avaliar a veracidade, credibilidade e relevância da informação em seus diferentes formatos, sendo capaz de identificar o propósito pelo qual foi disseminada.",EF09,Cultura Digital,Qualidade da informação
EM13CO01,Explorar e construir a solução de problemas por meio da reutilização de partes de soluções existentes.,EM,Possibilidades e limites da Computação,
EM13CO02,"Explorar e construir a solução de problemas por meio de refinamentos, utilizando diversos níveis de abstração desde a especificação até a implementação.",EM,Possibilidades e limites da Computação,
EM13CO03,"Identificar o comportamento dos algoritmos no que diz respeito ao consumo de recursos como tempo de execução, espaço de memória e energia, entre outros.",EM,Possibilidades e limites da Computação,
EM13CO04,"Reconhecer o conceito de metaprogramação como uma forma de generalização na construção de programas, permitindo que algoritmos sejam entrada ou saída para outros algoritmos.",EM,Possibilidades e limites da Computação,
EM13CO05,"Identificar os limites da Computação para diferenciar o que pode ou não ser automatizado, buscando uma compreensão mais ampla dos limites dos processos mentais envolvidos na resolução de problemas.",EM,Possibilidades e limites da Computação,
EM13CO06,Avaliar software levando em consideração diferentes características e métricas associadas.,EM,Possibilidades e limites da Computação,
EM13CO07,"Compreender as diferentes tecnologias, bem como equipamentos, protocolos e serviços envolvidos no funcionamento de redes de computadores, identificando suas possibilidades de escala e confiabilidade.",EM,Análise crítica de artefatos computacionais,
EM13CO08,"Entender como mudanças na tecnologia afetam a segurança, incluindo novas maneiras de preservar sua privacidade e dados pessoais on-line, reportando suspeitas e buscando ajuda em situações de risco.",EM,Análise crítica de artefatos computacionais,
EM13CO09,"Identificar tecnologias digitais, sua presença e formas de uso, nas diferentes atividades no mundo do trabalho.",EM,Técnicas computacionais para o mundo contemporâneo,
EM13CO10,"Conhecer os fundamentos da Inteligência Artificial, comparando-a com a inteligência humana, analisando suas potencialidades, riscos e limites.",EM,Técnicas computacionais para o mundo contemporâneo,
EM13CO11,"Criar e explorar modelos computacionais simples para simular e fazer previsões, identificando sua importância no desenvolvimento científico.",EM,Técnicas computacionais para o mundo contemporâneo,
EM13CO12,"Produzir, analisar, gerir e compartilhar informações a partir de dados, utilizando princípios de ciência de dados.",EM,Construção de conhecimento e artefatos,
EM13CO13,Analisar e utilizar as diferentes formas de representação e consulta a dados em formato digital para pesquisas científicas.,EM,Construção de conhecimento e artefatos,
EM13CO14,"Avaliar a confiabilidade das informações encontradas em meio digital, investigando seus modos de construção e considerando a autoria, a estrutura e o propósito da mensagem.",EM,Construção de conhecimento e artefatos,
EM13CO15,"Analisar a interação entre usuários e artefatos computacionais, abordando aspectos da experiência do usuário e promovendo reflexão sobre a qualidade do uso dos artefatos nas esferas do trabalho, do lazer e do estudo.",EM,Construção de conhecimento e artefatos,
EM13CO16,"Desenvolver projetos com robótica, utilizando artefatos físicos ou simuladores.",EM,Construção de conhecimento e artefatos,
EM13CO17,"Construir redes virtuais de interação e colaboração, favorecendo o desenvolvimento de projetos de forma segura, legal e ética.",EM,Projetos e decisões socialmente responsáveis,
EM13CO18,"Planejar e gerenciar projetos integrados às áreas de conhecimento de forma colaborativa, solucionando problemas, usando diversos artefatos computacionais.",EM,Projetos e decisões socialmente responsáveis,
EM13CO19,"Expor, argumentar e negociar propostas, produtos e serviços, utilizando diferentes mídias e ferramentas digitais.",EM,Expressão e partilha com tecnologias,
EM13CO20,"Criar conteúdos, disponibilizando-os em ambientes virtuais para publicação e compartilhamento, avaliando a confiabilidade e as consequências da disseminação dessas informações.",EM,Expressão e partilha com tecnologias,
EM13CO21,"Comunicar ideias complexas de forma clara por meio de objetos digitais como mapas conceituais, infográficos, hipertextos e outros.",EM,Expressão e partilha com tecnologias,
EM13CO22,"Produzir e publicar conteúdo como textos, imagens, áudios, vídeos e suas associações, bem como ferramentas para sua integração, organização e apresentação, utilizando diferentes mídias digitais.",EM,Expressão e partilha com tecnologias,
EM13CO23,"Analisar criticamente as experiências em comunidades virtuais e as relações advindas da interação e comunicação com outras pessoas, bem como seus impactos na sociedade.",EM,Ação pessoal e coletiva com responsabilidade,
EM13CO24,Identificar e reconhecer como as redes sociais e artefatos computacionais em geral interferem na saúde física e mental de seus usuários.,EM,Ação pessoal e coletiva com responsabilidade,
EM13CO25,"Dialogar em ambientes virtuais com segurança e respeito às diferenças culturais e pessoais, reconhecendo e denunciando atitudes abusivas.",EM,Ação pessoal e coletiva com responsabilidade,
EM13CO26,"Aplicar os conceitos e pressupostos do direito digital em sua conduta e experiências com o cotidiano da cultura digital, bem como na produção e uso de artefatos computacionais.",EM,Ação pessoal e coletiva com responsabilidade,
